,경기 날짜,Team_A,Team_B,경기장소,경기시작시간,관중수
0,01. 01,삼성화재,KB손해보험,대전충무,14:00,"3,420"
1,01. 01,KGC인삼공사,GS칼텍스,대전충무,16:50,924
2,01. 02,,,,,
3,01. 03,우리카드,OK저축은행,서울장충,19:00,"2,100"
4,01. 04,흥국생명,현대건설,인천계양,17:00,"1,603"
5,01. 04,대한항공,한국전력,인천계양,19:00,"2,977"
6,01. 05,KGC인삼공사,한국도로공사,대전충무,17:00,"1,146"
7,01. 05,삼성화재,OK저축은행,대전충무,19:00,"2,682"
8,01. 06,GS칼텍스,IBK기업은행,서울장충,17:00,"1,530"
9,01. 06,KB손해보험,현대캐피탈,구미박정희,19:00,"3,057"
10,01. 07,우리카드,한국전력,서울장충,14:00,"3,750"
11,01. 08,삼성화재,대한항공,대전충무,14:00,"4,020"
12,01. 08,KGC인삼공사,흥국생명,대전충무,16:15,"3,214"
13,01. 09,,,,,
14,01. 10,현대건설,한국도로공사,수원,17:00,"1,907"
15,01. 10,한국전력,OK저축은행,수원,19:30,"2,213"
16,01. 11,우리카드,현대캐피탈,서울장충,19:00,"3,592"
17,01. 12,GS칼텍스,흥국생명,서울장충,17:00,"1,823"
18,01. 12,KB손해보험,대한항공,구미박정희,19:00,"1,527"
19,01. 13,한국도로공사,IBK기업은행,김천실내,17:00,"1,331"
20,01. 13,OK저축은행,현대캐피탈,안산상록수,19:00,"1,889"
21,01. 14,한국전력,KB손해보험,수원,14:00,"4,050"
22,01. 14,현대건설,GS칼텍스,수원,16:40,"1,694"
23,01. 15,우리카드,삼성화재,서울장충,14:27,"4,010"
24,01. 16,,,,,
25,01. 17,흥국생명,IBK기업은행,인천계양,17:00,"2,340"
26,01. 17,대한항공,현대캐피탈,인천계양,19:40,"1,310"
27,01. 18,KB손해보험,우리카드,구미박정희,19:00,"1,854"
28,01. 19,현대건설,KGC인삼공사,수원,17:00,"1,894"
29,01. 19,한국전력,삼성화재,수원,19:30,"1,798"
30,01. 20,한국도로공사,흥국생명,김천실내,17:00,"1,562"
31,01. 20,OK저축은행,대한항공,안산상록수,19:00,"1,378"
32,01. 21,,,,,
33,01. 22,,,,,
34,01. 23,,,,,
35,01. 24,,,,,
36,01. 25,,,,,
37,01. 26,우리카드,OK저축은행,서울장충,19:00,"2,153"
38,01. 27,한국전력,현대캐피탈,수원,14:00,"3,836"
39,01. 27,현대건설,IBK기업은행,수원,17:20,"1,641"
40,01. 28,삼성화재,대한항공,대전충무,14:00,"2,893"
41,01. 28,KGC인삼공사,흥국생명,대전충무,17:25,746
42,01. 29,KB손해보험,우리카드,구미박정희,14:00,"2,725"
43,01. 30,OK저축은행,현대캐피탈,안산상록수,14:00,"2,415"
44,01. 30,한국도로공사,IBK기업은행,김천실내,16:00,"2,385"
45,01. 31,KGC인삼공사,현대건설,대전충무,17:00,"1,486"
46,01. 31,삼성화재,한국전력,대전충무,19:10,"3,891"
47,02. 01,GS칼텍스,흥국생명,서울장충,17:00,"2,026"
48,02. 01,KB손해보험,대한항공,구미박정희,19:00,"1,460"
49,02. 02,현대캐피탈,우리카드,천안유관순,19:00,"2,298"
50,02. 03,현대건설,한국도로공사,수원,17:00,"1,613"
51,02. 03,한국전력,OK저축은행,수원,19:55,"1,951"
52,02. 04,KB손해보험,삼성화재,구미박정희,14:00,"3,561"
53,02. 04,GS칼텍스,KGC인삼공사,서울장충,16:00,"2,535"
54,02. 05,대한항공,OK저축은행,인천계양,14:00,"3,096"
55,02. 05,흥국생명,한국도로공사,인천계양,16:00,348
56,02. 06,,,,,
57,02. 07,삼성화재,우리카드,대전충무,19:00,"3,051"
58,02. 08,현대건설,GS칼텍스,수원,17:00,"1,422"
59,02. 08,한국전력,KB손해보험,수원,19:55,"1,933"
60,02. 09,IBK기업은행,흥국생명,화성종합실내,17:00,"1,052"
61,02. 09,현대캐피탈,대한항공,천안유관순,19:00,"3,975"
62,02. 10,우리카드,한국전력,서울장충,19:00,"2,712"
63,02. 11,현대캐피탈,삼성화재,천안유관순,15:07,"4,238"
64,02. 11,IBK기업은행,KGC인삼공사,화성종합실내,16:00,"2,412"
65,02. 12,OK저축은행,KB손해보험,안산상록수,14:00,"1,874"
66,02. 12,한국도로공사,GS칼텍스,김천실내,16:00,"2,702"
67,02. 13,,,,,
68,02. 14,흥국생명,현대건설,인천계양,17:00,"1,772"
69,02. 14,대한항공,한국전력,인천계양,19:45,"2,552"
70,02. 15,한국도로공사,KGC인삼공사,김천실내,17:00,"2,580"
71,02. 15,OK저축은행,삼성화재,안산상록수,19:00,"1,754"
72,02. 16,우리카드,대한항공,서울장충,19:00,"2,705"
73,02. 17,GS칼텍스,IBK기업은행,서울장충,17:00,"1,337"
74,02. 17,KB손해보험,현대캐피탈,구미박정희,19:00,"2,487"
75,02. 18,삼성화재,OK저축은행,대전충무,14:00,"3,887"
76,02. 18,KGC인삼공사,한국도로공사,대전충무,16:45,"1,026"
77,02. 19,한국전력,우리카드,수원,14:37,"4,157"
78,02. 20,,,,,
79,02. 21,IBK기업은행,GS칼텍스,화성종합실내,17:00,"1,586"
80,02. 21,현대캐피탈,KB손해보험,천안유관순,19:00,"2,595"
81,02. 22,대한항공,우리카드,인천계양,19:00,"1,159"
82,02. 23,한국도로공사,현대건설,김천실내,17:00,"2,199"
83,02. 23,OK저축은행,한국전력,안산상록수,19:00,"1,421"
84,02. 24,KGC인삼공사,GS칼텍스,대전충무,17:00,"1,310"
85,02. 24,삼성화재,KB손해보험,대전충무,19:30,"3,968"
86,02. 25,대한항공,현대캐피탈,인천계양,14:00,"2,500"
87,02. 25,흥국생명,IBK기업은행,인천계양,16:15,852
88,02. 26,한국전력,삼성화재,수원,14:00,"4,317"
89,02. 26,현대건설,KGC인삼공사,수원,16:10,"2,786"
90,02. 27,,,,,
91,02. 28,GS칼텍스,흥국생명,서울장충,17:00,"1,766"
92,02. 28,KB손해보험,대한항공,구미박정희,19:00,"1,827"
93,03. 01,현대캐피탈,OK저축은행,천안유관순,14:00,"3,552"
94,03. 01,IBK기업은행,한국도로공사,화성종합실내,16:00,"2,167"
95,03. 02,우리카드,삼성화재,서울장충,19:00,"2,874"
96,03. 03,현대건설,흥국생명,수원,17:00,"1,864"
97,03. 03,한국전력,대한항공,수원,19:55,"2,091"
98,03. 04,우리카드,현대캐피탈,서울장충,14:00,"4,152"
99,03. 05,KB손해보험,OK저축은행,구미박정희,14:00,"3,121"
100,03. 05,GS칼텍스,한국도로공사,서울장충,16:00,"1,609"
101,03. 06,,,,,
102,03. 07,흥국생명,KGC인삼공사,인천계양,17:00,"1,252"
103,03. 07,대한항공,삼성화재,인천계양,19:05,"2,179"
104,03. 08,IBK기업은행,현대건설,화성종합실내,17:00,"1,571"
105,03. 08,현대캐피탈,한국전력,천안유관순,19:00,"2,758"
106,03. 09,OK저축은행,우리카드,안산상록수,19:00,"1,169"
107,03. 10,KB손해보험,한국전력,구미박정희,19:00,"1,527"
108,03. 11,삼성화재,현대캐피탈,대전충무,14:00,"3,934"
109,03. 11,KGC인삼공사,IBK기업은행,대전충무,16:30,"1,814"
110,03. 12,우리카드,KB손해보험,서울장충,14:00,"3,512"
111,03. 12,GS칼텍스,현대건설,서울장충,17:00,"2,122"
112,03. 13,,,,,
113,03. 14,한국도로공사,흥국생명,김천실내,17:00,"4,118"
114,03. 14,OK저축은행,대한항공,안산상록수,19:00,"1,595"
115,03. 15,,,,,
116,03. 16,,,,,
117,03. 17,,,,,
118,03. 18,IBK기업은행,KGC인삼공사,화성종합실내,14:00,"2,887"
119,03. 19,현대캐피탈,한국전력,천안유관순,14:17,"4,191"
120,03. 20,KGC인삼공사,IBK기업은행,대전충무,19:00,896
121,03. 21,한국전력,현대캐피탈,수원,19:00,"3,671"
122,03. 22,IBK기업은행,KGC인삼공사,화성종합실내,19:00,"2,117"
123,03. 23,,,,,
124,03. 24,흥국생명,IBK기업은행,인천계양,19:00,"2,154"
125,03. 25,대한항공,현대캐피탈,인천계양,14:00,"2,596"
126,03. 26,흥국생명,IBK기업은행,인천계양,14:00,"2,478"
127,03. 27,대한항공,현대캐피탈,인천계양,19:00,"2,235"
128,03. 28,IBK기업은행,흥국생명,화성종합실내,19:00,"3,002"
129,03. 29,현대캐피탈,대한항공,천안유관순,19:00,"3,735"
130,03. 30,IBK기업은행,흥국생명,화성종합실내,19:00,"4,202"
131,03. 31,,,,,
132,04. 01,현대캐피탈,대한항공,천안유관순,14:00,"4,468"
133,04. 02,,,,,
134,04. 03,대한항공,현대캐피탈,인천계양,19:00,"3,250"
135,04. 04,,,,,
136,04. 05,,,,,
137,04. 06,,,,,
138,04. 07,,,,,
139,04. 08,,,,,
140,04. 09,,,,,
141,04. 10,,,,,
142,04. 11,,,,,
143,04. 12,,,,,
144,04. 13,,,,,
145,04. 14,,,,,
146,04. 15,,,,,
147,04. 16,,,,,
148,04. 17,,,,,
149,04. 18,,,,,
150,04. 19,,,,,
151,04. 20,,,,,
152,04. 21,,,,,
153,04. 22,,,,,
154,04. 23,,,,,
155,04. 24,,,,,
156,04. 25,,,,,
157,04. 26,,,,,
158,04. 27,,,,,
159,04. 28,,,,,
160,04. 29,,,,,
161,04. 30,,,,,
162,10. 14,현대캐피탈,대한항공,천안유관순,14:00,"3,294"
163,10. 14,IBK기업은행,흥국생명,화성종합실내,16:00,"3,482"
164,10. 15,KB손해보험,삼성화재,의정부,14:00,"5,372"
165,10. 15,KGC인삼공사,현대건설,대전충무,16:00,"1,291"
166,10. 16,,,,,
167,10. 17,한국도로공사,GS칼텍스,김천실내,17:00,"1,287"
168,10. 17,OK저축은행,한국전력,안산상록수,19:00,"1,787"
169,10. 18,IBK기업은행,현대건설,화성종합실내,17:00,"2,062"
170,10. 18,KB손해보험,현대캐피탈,의정부,19:00,"1,158"
171,10. 19,대한항공,우리카드,인천계양,19:00,"2,050"
172,10. 20,삼성화재,OK저축은행,대전충무,19:00,"3,829"
173,10. 21,KB손해보험,한국전력,의정부,15:01,"2,096"
174,10. 21,흥국생명,KGC인삼공사,인천계양,16:00,"1,619"
175,10. 22,우리카드,현대캐피탈,서울장충,15:10,"3,789"
176,10. 22,한국도로공사,IBK기업은행,김천실내,16:00,"5,467"
177,10. 23,,,,,
178,10. 24,KGC인삼공사,GS칼텍스,대전충무,17:00,686
179,10. 24,OK저축은행,대한항공,안산상록수,19:00,"1,293"
180,10. 25,현대건설,흥국생명,수원,17:00,"1,689"
181,10. 25,우리카드,삼성화재,서울장충,19:00,"1,123"
182,10. 26,한국전력,현대캐피탈,수원,19:10,"3,101"
183,10. 27,우리카드,OK저축은행,서울장충,19:00,"1,721"
184,10. 28,대한항공,KB손해보험,인천계양,14:00,"1,816"
185,10. 28,현대건설,GS칼텍스,수원,16:00,"1,822"
186,10. 29,한국전력,삼성화재,수원,14:00,"2,654"
187,10. 29,KGC인삼공사,한국도로공사,대전충무,16:00,972
188,10. 30,,,,,
189,10. 31,GS칼텍스,IBK기업은행,서울장충,17:02,"1,758"
190,10. 31,현대캐피탈,OK저축은행,천안유관순,19:00,"2,428"
191,11. 01,흥국생명,한국도로공사,인천계양,17:00,748
192,11. 01,우리카드,KB손해보험,서울장충,19:00,"1,592"
193,11. 02,한국전력,대한항공,수원,19:00,"1,288"
194,11. 03,삼성화재,현대캐피탈,대전충무,19:00,"3,492"
195,11. 04,OK저축은행,KB손해보험,안산상록수,14:00,"2,029"
196,11. 04,GS칼텍스,흥국생명,서울장충,16:00,"2,254"
197,11. 05,한국전력,우리카드,수원,14:00,"2,532"
198,11. 05,한국도로공사,현대건설,김천실내,16:00,"2,920"
199,11. 06,,,,,
200,11. 07,IBK기업은행,KGC인삼공사,화성종합실내,17:00,"1,594"
201,11. 07,대한항공,삼성화재,인천계양,19:00,"1,719"
202,11. 08,현대건설,GS칼텍스,수원,17:00,"1,232"
203,11. 08,KB손해보험,OK저축은행,의정부,19:00,"1,808"
204,11. 09,한국도로공사,흥국생명,김천실내,17:00,"1,920"
205,11. 09,우리카드,한국전력,서울장충,19:00,"1,911"
206,11. 10,삼성화재,대한항공,대전충무,19:00,"2,179"
207,11. 11,OK저축은행,현대캐피탈,안산상록수,14:00,"2,517"
208,11. 11,KGC인삼공사,IBK기업은행,대전충무,16:10,"1,209"
209,11. 12,GS칼텍스,흥국생명,서울장충,14:00,"2,562"
210,11. 12,우리카드,KB손해보험,서울장충,16:10,"3,289"
211,11. 13,,,,,
212,11. 14,현대건설,한국도로공사,수원,17:00,"1,460"
213,11. 14,대한항공,한국전력,인천계양,19:00,"1,214"
214,11. 15,KGC인삼공사,흥국생명,대전충무,17:00,975
215,11. 15,현대캐피탈,삼성화재,천안유관순,19:00,"3,265"
216,11. 16,IBK기업은행,GS칼텍스,화성종합실내,17:00,"1,163"
217,11. 16,OK저축은행,우리카드,안산상록수,19:00,"1,106"
218,11. 17,대한항공,KB손해보험,인천계양,19:00,"1,334"
219,11. 18,삼성화재,한국전력,대전충무,14:01,"3,399"
220,11. 18,한국도로공사,KGC인삼공사,김천실내,16:00,"2,544"
221,11. 19,우리카드,현대캐피탈,서울장충,14:00,"3,756"
222,11. 19,현대건설,흥국생명,수원,16:00,"2,440"
223,11. 20,,,,,
224,11. 21,GS칼텍스,한국도로공사,서울장충,17:00,"1,242"
225,11. 21,대한항공,OK저축은행,인천계양,19:00,"1,107"
226,11. 22,현대건설,IBK기업은행,수원,17:00,"1,349"
227,11. 22,KB손해보험,삼성화재,의정부,19:00,"1,828"
228,11. 23,현대캐피탈,한국전력,천안유관순,19:00,"3,342"
229,11. 24,우리카드,대한항공,서울장충,19:00,"2,467"
230,11. 25,삼성화재,OK저축은행,대전충무,14:00,"3,410"
231,11. 25,흥국생명,IBK기업은행,인천계양,16:00,"1,263"
232,11. 26,KB손해보험,한국전력,의정부,14:00,"2,537"
233,11. 26,현대건설,KGC인삼공사,수원,16:01,"2,239"
234,11. 27,,,,,
235,11. 28,IBK기업은행,한국도로공사,화성종합실내,17:00,"1,486"
236,11. 28,대한항공,현대캐피탈,인천계양,19:00,"2,082"
237,11. 29,GS칼텍스,KGC인삼공사,서울장충,17:00,"1,462"
238,11. 29,삼성화재,우리카드,대전충무,19:00,"3,417"
239,11. 30,한국전력,OK저축은행,수원,19:00,"1,821"
240,12. 01,현대캐피탈,KB손해보험,천안유관순,19:00,"2,555"
241,12. 02,대한항공,삼성화재,인천계양,14:00,"2,340"
242,12. 02,IBK기업은행,흥국생명,화성종합실내,16:00,"2,180"
243,12. 03,우리카드,한국전력,서울장충,14:00,"2,911"
244,12. 03,한국도로공사,KGC인삼공사,김천실내,16:00,"3,200"
245,12. 04,,,,,
246,12. 05,현대건설,IBK기업은행,수원,17:00,"1,516"
247,12. 05,OK저축은행,KB손해보험,안산상록수,19:00,"1,098"
248,12. 06,한국도로공사,GS칼텍스,김천실내,17:00,"2,062"
249,12. 06,삼성화재,현대캐피탈,대전충무,19:00,"3,273"
250,12. 07,한국전력,대한항공,수원,19:00,"1,524"
251,12. 08,KB손해보험,우리카드,의정부,19:00,"1,221"
252,12. 09,현대캐피탈,OK저축은행,천안유관순,14:00,"4,060"
253,12. 09,GS칼텍스,현대건설,서울장충,16:00,"2,821"
254,12. 10,삼성화재,한국전력,대전충무,14:00,"3,302"
255,12. 10,흥국생명,KGC인삼공사,인천계양,16:00,"1,287"
256,12. 11,,,,,
257,12. 12,IBK기업은행,한국도로공사,화성종합실내,17:00,"1,756"
258,12. 12,KB손해보험,대한항공,의정부,19:00,"1,201"
259,12. 13,GS칼텍스,KGC인삼공사,서울장충,17:00,"1,342"
260,12. 13,OK저축은행,우리카드,안산상록수,19:00,771
261,12. 14,흥국생명,현대건설,인천계양,17:00,"1,307"
262,12. 14,한국전력,현대캐피탈,수원,19:00,"1,713"
263,12. 15,삼성화재,KB손해보험,대전충무,19:10,"2,313"
264,12. 16,OK저축은행,대한항공,안산상록수,14:00,"1,879"
265,12. 16,IBK기업은행,GS칼텍스,화성종합실내,16:00,"2,339"
266,12. 17,현대캐피탈,우리카드,천안유관순,14:00,"4,001"
267,12. 17,흥국생명,한국도로공사,인천계양,16:00,"1,556"
268,12. 18,,,,,
269,12. 19,한국전력,KB손해보험,수원,19:00,"1,448"
270,12. 20,KGC인삼공사,현대건설,대전충무,17:00,"1,212"
271,12. 20,OK저축은행,삼성화재,안산상록수,19:00,899
272,12. 21,대한항공,우리카드,인천계양,19:00,"1,508"
273,12. 22,KB손해보험,현대캐피탈,의정부,19:00,"2,137"
274,12. 23,OK저축은행,한국전력,안산상록수,14:00,"1,785"
275,12. 23,현대건설,한국도로공사,수원,16:00,"2,511"
276,12. 24,삼성화재,우리카드,대전충무,14:00,"3,602"
277,12. 24,KGC인삼공사,IBK기업은행,대전충무,16:55,"1,759"
278,12. 25,현대캐피탈,대한항공,천안유관순,14:00,"5,040"
279,12. 25,흥국생명,GS칼텍스,인천계양,16:00,"2,489"
280,12. 26,KB손해보험,OK저축은행,의정부,19:00,"1,594"
281,12. 27,한국도로공사,현대건설,김천실내,17:00,"3,510"
282,12. 27,한국전력,우리카드,수원,19:00,"1,379"
283,12. 28,삼성화재,대한항공,대전충무,19:00,"2,585"
284,12. 29,OK저축은행,현대캐피탈,안산상록수,19:00,"1,859"
285,12. 30,KB손해보험,우리카드,의정부,14:00,"2,711"
286,12. 30,KGC인삼공사,GS칼텍스,대전충무,16:00,"1,040"
287,12. 31,대한항공,한국전력,인천계양,14:00,"3,253"
288,12. 31,한국도로공사,흥국생명,김천실내,16:00,"5,560"
289,01. 01,현대캐피탈,삼성화재,천안유관순,14:00,"4,253"
290,01. 01,IBK기업은행,현대건설,화성종합실내,16:00,"4,527"
291,01. 02,우리카드,OK저축은행,서울장충,19:00,"2,016"
292,01. 03,흥국생명,GS칼텍스,인천계양,17:00,833
293,01. 03,KB손해보험,대한항공,의정부,19:00,"1,426"
294,01. 04,한국전력,삼성화재,수원,19:00,"2,134"
295,01. 05,현대캐피탈,우리카드,천안유관순,19:00,"2,747"
296,01. 06,대한항공,OK저축은행,인천계양,14:00,"2,366"
297,01. 06,GS칼텍스,IBK기업은행,서울장충,16:00,"2,645"
298,01. 07,삼성화재,KB손해보험,대전충무,14:00,"3,212"
299,01. 07,현대건설,KGC인삼공사,수원,16:00,"2,621"
300,01. 08,,,,,
301,01. 09,GS칼텍스,한국도로공사,서울장충,17:00,"1,780"
302,01. 09,현대캐피탈,한국전력,천안유관순,19:00,"2,810"
303,01. 10,IBK기업은행,KGC인삼공사,화성종합실내,17:00,"1,280"
304,01. 10,우리카드,대한항공,서울장충,19:00,"2,089"
305,01. 11,현대건설,흥국생명,수원,17:00,"1,853"
306,01. 11,OK저축은행,삼성화재,안산상록수,19:00,"1,072"
307,01. 12,KB손해보험,한국전력,의정부,19:00,"1,742"
308,01. 13,대한항공,현대캐피탈,인천계양,14:00,"3,532"
309,01. 13,KGC인삼공사,한국도로공사,대전충무,16:00,"1,653"
310,01. 14,우리카드,삼성화재,서울장충,14:00,"3,856"
311,01. 14,흥국생명,IBK기업은행,인천계양,16:00,"2,643"
312,01. 15,,,,,
313,01. 16,GS칼텍스,현대건설,서울장충,17:00,"1,912"
314,01. 16,OK저축은행,한국전력,안산상록수,19:00,"1,076"
315,01. 17,한국도로공사,IBK기업은행,김천실내,17:00,"2,621"
316,01. 17,현대캐피탈,KB손해보험,천안유관순,19:00,"2,900"
317,01. 18,KGC인삼공사,흥국생명,대전충무,17:00,"1,001"
318,01. 19,,,,,
319,01. 20,,,,,
320,01. 21,,,,,
321,01. 22,,,,,
322,01. 23,,,,,
323,01. 24,대한항공,삼성화재,인천계양,19:00,"1,524"
324,01. 25,한국도로공사,현대건설,김천실내,17:00,"2,776"
325,01. 25,OK저축은행,KB손해보험,안산상록수,19:00,856
326,01. 26,우리카드,한국전력,서울장충,19:00,"2,078"
327,01. 27,현대캐피탈,대한항공,천안유관순,14:00,"4,339"
328,01. 27,IBK기업은행,흥국생명,화성종합실내,16:00,"2,744"
329,01. 28,삼성화재,OK저축은행,대전충무,14:00,"3,427"
330,01. 28,GS칼텍스,KGC인삼공사,서울장충,16:00,"2,014"
331,01. 29,,,,,
332,01. 30,IBK기업은행,한국도로공사,화성종합실내,17:00,"1,321"
333,01. 30,우리카드,KB손해보험,서울장충,19:00,"1,702"
334,01. 31,KGC인삼공사,현대건설,대전충무,17:00,966
335,01. 31,한국전력,현대캐피탈,수원,19:00,"2,757"
336,02. 01,OK저축은행,대한항공,안산상록수,19:00,"1,012"
337,02. 02,우리카드,삼성화재,서울장충,19:00,"2,526"
338,02. 03,한국전력,KB손해보험,수원,14:00,"2,825"
339,02. 03,KGC인삼공사,흥국생명,대전충무,16:00,"1,507"
340,02. 04,현대캐피탈,OK저축은행,천안유관순,14:00,"4,341"
341,02. 04,GS칼텍스,한국도로공사,서울장충,16:00,"2,426"
342,02. 05,,,,,
343,02. 06,현대건설,IBK기업은행,수원,17:00,"1,451"
344,02. 06,우리카드,대한항공,서울장충,19:00,"2,003"
345,02. 07,흥국생명,GS칼텍스,인천계양,17:00,764
346,02. 07,삼성화재,한국전력,대전충무,19:00,"2,452"
347,02. 08,한국도로공사,KGC인삼공사,김천실내,17:00,"2,084"
348,02. 08,KB손해보험,현대캐피탈,의정부,19:00,"2,354"
349,02. 09,우리카드,OK저축은행,서울장충,19:00,"1,826"
350,02. 10,한국전력,대한항공,수원,14:00,"3,131"
351,02. 10,흥국생명,현대건설,인천계양,17:01,"2,132"
352,02. 11,KB손해보험,삼성화재,의정부,14:00,"2,635"
353,02. 11,IBK기업은행,GS칼텍스,화성종합실내,16:00,"1,761"
354,02. 12,,,,,
355,02. 13,흥국생명,한국도로공사,인천계양,17:00,760
356,02. 13,현대캐피탈,우리카드,천안유관순,19:00,"2,313"
357,02. 14,KGC인삼공사,IBK기업은행,대전충무,17:00,815
358,02. 14,한국전력,OK저축은행,수원,19:00,"1,139"
359,02. 15,대한항공,KB손해보험,인천계양,14:00,"1,605"
360,02. 15,현대건설,GS칼텍스,수원,16:00,"1,963"
361,02. 16,삼성화재,현대캐피탈,대전충무,14:00,"2,806"
362,02. 17,한국전력,OK저축은행,수원,14:00,"2,417"
363,02. 17,한국도로공사,IBK기업은행,김천실내,16:00,"6,823"
364,02. 18,KB손해보험,대한항공,의정부,14:00,"3,271"
365,02. 18,흥국생명,KGC인삼공사,인천계양,16:00,"1,275"
366,02. 19,,,,,
367,02. 20,GS칼텍스,현대건설,서울장충,17:00,"1,717"
368,02. 20,현대캐피탈,삼성화재,천안유관순,19:00,"3,421"
369,02. 21,흥국생명,IBK기업은행,인천계양,17:00,791
370,02. 21,OK저축은행,우리카드,안산상록수,19:00,934
371,02. 22,KGC인삼공사,한국도로공사,대전충무,17:00,"1,012"
372,02. 22,대한항공,한국전력,인천계양,19:00,"1,402"
373,02. 23,삼성화재,KB손해보험,대전충무,19:00,"2,506"
374,02. 24,GS칼텍스,흥국생명,서울장충,16:00,"2,349"
375,02. 25,우리카드,현대캐피탈,서울장충,14:00,"4,187"
376,02. 25,IBK기업은행,현대건설,화성종합실내,16:00,"2,818"
377,02. 26,,,,,
378,02. 27,삼성화재,대한항공,대전충무,19:00,"2,892"
379,02. 28,현대건설,한국도로공사,수원,17:00,"1,046"
380,02. 28,KB손해보험,OK저축은행,의정부,19:00,"1,821"
381,03. 01,한국전력,우리카드,수원,14:00,"2,005"
382,03. 01,KGC인삼공사,GS칼텍스,대전충무,16:00,"1,220"
383,03. 02,대한항공,현대캐피탈,인천계양,19:00,"1,884"
384,03. 03,OK저축은행,삼성화재,안산상록수,14:00,"1,449"
385,03. 03,한국도로공사,흥국생명,김천실내,16:00,"3,720"
386,03. 04,KB손해보험,우리카드,의정부,14:00,"3,092"
387,03. 04,현대건설,KGC인삼공사,수원,16:00,"2,243"
388,03. 05,,,,,
389,03. 06,GS칼텍스,IBK기업은행,서울장충,17:00,"1,642"
390,03. 06,현대캐피탈,한국전력,천안유관순,19:00,"3,418"
391,03. 07,대한항공,OK저축은행,인천계양,19:00,"1,089"
392,03. 08,삼성화재,우리카드,대전충무,19:00,"1,227"
393,03. 09,한국전력,KB손해보험,수원,19:00,"1,092"
394,03. 10,OK저축은행,현대캐피탈,안산상록수,14:00,"1,755"
395,03. 10,한국도로공사,GS칼텍스,김천실내,16:00,"3,257"
396,03. 11,대한항공,우리카드,인천계양,14:00,"2,092"
397,03. 11,IBK기업은행,KGC인삼공사,화성종합실내,16:00,"2,238"
398,03. 12,,,,,
399,03. 13,흥국생명,현대건설,인천계양,17:00,795
400,03. 13,한국전력,삼성화재,수원,19:00,"1,264"
401,03. 14,현대캐피탈,KB손해보험,천안유관순,19:00,"1,659"
402,03. 15,,,,,
403,03. 16,,,,,
404,03. 17,IBK기업은행,현대건설,화성종합실내,14:00,"2,366"
405,03. 18,삼성화재,대한항공,대전충무,14:27,"2,729"
406,03. 19,현대건설,IBK기업은행,수원,19:00,"1,614"
407,03. 20,대한항공,삼성화재,인천계양,19:00,"2,004"
408,03. 21,IBK기업은행,현대건설,화성종합실내,19:00,"2,717"
409,03. 22,삼성화재,대한항공,대전충무,19:00,"1,702"
410,03. 23,한국도로공사,IBK기업은행,김천실내,19:00,"4,052"
411,03. 24,현대캐피탈,대한항공,천안유관순,19:00,"4,298"
412,03. 25,한국도로공사,IBK기업은행,김천실내,14:27,"6,152"
413,03. 26,현대캐피탈,대한항공,천안유관순,19:00,"3,177"
414,03. 27,IBK기업은행,한국도로공사,화성종합실내,19:00,"4,576"
415,03. 28,대한항공,현대캐피탈,인천계양,19:01,"2,704"
416,03. 29,,,,,
417,03. 30,대한항공,현대캐피탈,인천계양,19:00,"3,644"
418,03. 31,,,,,
419,10. 13,대한항공,현대캐피탈,인천계양,14:00,"2,929"
420,10. 14,삼성화재,우리카드,대전충무,14:00,"2,255"
421,10. 15,OK저축은행,한국전력,안산상록수,19:00,"2,313"
422,10. 16,KB손해보험,대한항공,의정부,19:01,"2,820"
423,10. 17,,,,,
424,10. 18,우리카드,OK저축은행,서울장충,19:00,"3,113"
425,10. 19,대한항공,한국전력,인천계양,19:00,"1,390"
426,10. 20,현대캐피탈,삼성화재,천안유관순,14:00,"3,233"
427,10. 21,OK저축은행,KB손해보험,안산상록수,14:00,"2,070"
428,10. 22,한국도로공사,IBK기업은행,김천실내,19:00,"5,617"
429,10. 22,우리카드,대한항공,서울장충,19:00,"1,493"
430,10. 23,GS칼텍스,현대건설,서울장충,19:00,"2,361"
431,10. 23,삼성화재,한국전력,대전충무,19:00,"1,721"
432,10. 24,흥국생명,KGC인삼공사,인천계양,19:00,"1,433"
433,10. 25,IBK기업은행,현대건설,화성종합실내,19:00,"3,247"
434,10. 25,KB손해보험,우리카드,의정부,19:00,"1,313"
435,10. 26,GS칼텍스,흥국생명,서울장충,19:00,"1,830"
436,10. 26,OK저축은행,현대캐피탈,안산상록수,19:00,"2,050"
437,10. 27,대한항공,삼성화재,인천계양,14:00,"1,692"
438,10. 27,KGC인삼공사,한국도로공사,대전충무,16:00,"2,401"
439,10. 28,한국전력,KB손해보험,수원,14:00,"2,653"
440,10. 28,흥국생명,현대건설,인천계양,16:00,"1,950"
441,10. 29,GS칼텍스,한국도로공사,서울장충,19:00,"1,702"
442,10. 29,현대캐피탈,우리카드,천안유관순,19:00,"2,135"
443,10. 30,삼성화재,OK저축은행,대전충무,19:00,"1,376"
444,10. 31,한국도로공사,현대건설,김천실내,19:00,"1,832"
445,10. 31,KGC인삼공사,GS칼텍스,대전충무,19:00,"2,498"
446,11. 01,흥국생명,IBK기업은행,인천계양,19:00,"1,231"
447,11. 01,한국전력,현대캐피탈,수원,19:00,"1,752"
448,11. 02,현대건설,KGC인삼공사,수원,19:00,"1,412"
449,11. 02,KB손해보험,삼성화재,의정부,19:00,"1,433"
450,11. 03,OK저축은행,대한항공,안산상록수,14:00,"2,170"
451,11. 03,GS칼텍스,IBK기업은행,서울장충,16:00,"2,921"
452,11. 04,우리카드,한국전력,서울장충,14:00,"2,190"
453,11. 04,한국도로공사,흥국생명,김천실내,16:00,"3,896"
454,11. 05,IBK기업은행,KGC인삼공사,화성종합실내,19:00,"1,377"
455,11. 05,현대캐피탈,KB손해보험,천안유관순,19:00,"2,019"
456,11. 06,OK저축은행,삼성화재,안산상록수,19:05,"1,432"
457,11. 07,한국도로공사,KGC인삼공사,김천실내,19:00,"1,984"
458,11. 07,GS칼텍스,현대건설,서울장충,19:00,"1,772"
459,11. 08,한국전력,대한항공,수원,19:00,"1,075"
460,11. 09,우리카드,현대캐피탈,서울장충,19:00,"2,890"
461,11. 10,삼성화재,KB손해보험,대전충무,14:00,"2,156"
462,11. 10,현대건설,한국도로공사,수원,16:00,"1,680"
463,11. 11,OK저축은행,대한항공,안산상록수,14:00,"2,546"
464,11. 11,흥국생명,GS칼텍스,인천계양,16:00,"2,507"
465,11. 12,우리카드,한국전력,서울장충,19:00,"1,648"
466,11. 13,삼성화재,현대캐피탈,대전충무,19:00,"3,017"
467,11. 14,현대건설,흥국생명,수원,19:00,"1,192"
468,11. 14,KGC인삼공사,IBK기업은행,대전충무,19:00,"2,254"
469,11. 15,KB손해보험,한국전력,의정부,19:00,"1,149"
470,11. 16,현대캐피탈,대한항공,천안유관순,19:01,"3,638"
471,11. 17,우리카드,OK저축은행,서울장충,14:00,"3,210"
472,11. 17,IBK기업은행,한국도로공사,화성종합실내,16:00,"2,169"
473,11. 18,한국전력,삼성화재,수원,14:00,"2,119"
474,11. 18,KGC인삼공사,흥국생명,대전충무,16:00,"2,925"
475,11. 19,대한항공,KB손해보험,인천계양,19:00,"1,608"
476,11. 20,현대캐피탈,OK저축은행,천안유관순,19:00,"2,675"
477,11. 21,흥국생명,한국도로공사,인천계양,19:00,"1,739"
478,11. 21,IBK기업은행,GS칼텍스,화성종합실내,19:00,"1,472"
479,11. 22,우리카드,삼성화재,서울장충,19:00,"2,193"
480,11. 23,KB손해보험,현대캐피탈,의정부,19:00,"2,442"
481,11. 24,OK저축은행,한국전력,안산상록수,14:00,"2,060"
482,11. 24,현대건설,IBK기업은행,수원,16:00,"1,910"
483,11. 25,삼성화재,대한항공,대전충무,14:00,"3,458"
484,11. 25,GS칼텍스,KGC인삼공사,서울장충,16:00,"3,048"
485,11. 26,우리카드,KB손해보험,서울장충,19:00,"1,537"
486,11. 27,현대캐피탈,한국전력,천안유관순,19:00,"2,275"
487,11. 28,한국도로공사,GS칼텍스,김천실내,19:00,"2,205"
488,11. 28,IBK기업은행,흥국생명,화성종합실내,19:00,"1,647"
489,11. 29,KGC인삼공사,현대건설,대전충무,19:00,"2,475"
490,11. 29,대한항공,우리카드,인천계양,19:00,"1,859"
491,11. 30,KB손해보험,OK저축은행,의정부,19:00,"1,467"
492,12. 01,한국전력,현대캐피탈,수원,14:00,"2,825"
493,12. 01,GS칼텍스,흥국생명,서울장충,16:00,"3,725"
494,12. 02,삼성화재,우리카드,대전충무,14:00,"2,610"
495,12. 02,한국도로공사,현대건설,김천실내,16:00,"2,620"
496,12. 03,KB손해보험,대한항공,의정부,19:00,"1,319"
497,12. 04,OK저축은행,현대캐피탈,안산상록수,19:00,"2,197"
498,12. 05,현대건설,KGC인삼공사,수원,19:00,"1,070"
499,12. 05,GS칼텍스,IBK기업은행,서울장충,19:00,"3,246"
500,12. 06,대한항공,삼성화재,인천계양,19:00,"1,447"
501,12. 07,한국전력,OK저축은행,수원,19:00,"1,075"
502,12. 08,현대캐피탈,KB손해보험,천안유관순,14:00,"3,862"
503,12. 08,흥국생명,IBK기업은행,인천계양,16:00,"2,511"
504,12. 09,우리카드,대한항공,서울장충,14:00,"3,653"
505,12. 09,KGC인삼공사,한국도로공사,대전충무,16:00,"2,347"
506,12. 10,삼성화재,한국전력,대전충무,19:00,"1,875"
507,12. 11,OK저축은행,KB손해보험,안산상록수,19:00,"1,668"
508,12. 12,한국도로공사,흥국생명,김천실내,19:00,"1,916"
509,12. 12,IBK기업은행,KGC인삼공사,화성종합실내,19:00,"1,461"
510,12. 13,대한항공,현대캐피탈,인천계양,19:00,"2,386"
511,12. 14,한국전력,우리카드,수원,19:00,"1,232"
512,12. 15,KB손해보험,삼성화재,의정부,14:00,"2,619"
513,12. 15,흥국생명,현대건설,인천계양,16:00,"2,719"
514,12. 16,대한항공,OK저축은행,인천계양,14:00,"2,797"
515,12. 16,KGC인삼공사,GS칼텍스,대전충무,16:00,"2,645"
516,12. 17,현대캐피탈,우리카드,천안유관순,19:00,"2,814"
517,12. 18,한국전력,KB손해보험,수원,19:00,"1,342"
518,12. 19,한국도로공사,IBK기업은행,김천실내,19:00,"2,065"
519,12. 19,현대건설,GS칼텍스,수원,19:00,"1,284"
520,12. 20,OK저축은행,우리카드,안산상록수,19:00,"1,643"
521,12. 21,현대캐피탈,삼성화재,천안유관순,19:00,"3,212"
522,12. 22,대한항공,한국전력,인천계양,14:00,"1,920"
523,12. 22,IBK기업은행,현대건설,화성종합실내,16:00,"2,547"
524,12. 23,KB손해보험,우리카드,의정부,14:00,"2,979"
525,12. 23,한국도로공사,GS칼텍스,김천실내,16:00,"4,061"
526,12. 24,흥국생명,KGC인삼공사,인천계양,19:00,"1,960"
527,12. 24,삼성화재,OK저축은행,대전충무,19:00,"2,074"
528,12. 25,IBK기업은행,한국도로공사,화성종합실내,14:10,"5,108"
529,12. 25,한국전력,대한항공,수원,16:00,"4,106"
530,12. 26,현대건설,GS칼텍스,수원,19:00,"1,083"
531,12. 27,삼성화재,현대캐피탈,대전충무,19:00,"2,504"
532,12. 28,OK저축은행,우리카드,안산상록수,19:00,"1,333"
533,12. 29,대한항공,KB손해보험,인천계양,14:00,"2,298"
534,12. 29,한국도로공사,KGC인삼공사,김천실내,16:00,"3,344"
535,12. 30,현대캐피탈,한국전력,천안유관순,14:00,"4,017"
536,12. 30,현대건설,흥국생명,수원,16:00,"3,293"
537,12. 31,우리카드,삼성화재,서울장충,19:00,"3,951"
538,01. 01,KB손해보험,OK저축은행,의정부,14:00,"3,182"
539,01. 01,KGC인삼공사,IBK기업은행,대전충무,16:00,"2,834"
540,01. 02,흥국생명,GS칼텍스,인천계양,19:00,"1,756"
541,01. 02,현대건설,한국도로공사,수원,19:00,868
542,01. 03,우리카드,현대캐피탈,서울장충,19:00,"3,972"
543,01. 04,삼성화재,대한항공,대전충무,19:00,"2,912"
544,01. 05,KB손해보험,한국전력,의정부,14:00,"2,790"
545,01. 05,KGC인삼공사,현대건설,대전충무,16:00,"2,643"
546,01. 06,현대캐피탈,OK저축은행,천안유관순,14:00,"4,085"
547,01. 06,IBK기업은행,흥국생명,화성종합실내,16:00,"4,987"
548,01. 07,대한항공,우리카드,인천계양,19:00,"1,684"
549,01. 08,삼성화재,KB손해보험,대전충무,19:00,"1,304"
550,01. 09,흥국생명,한국도로공사,인천계양,19:00,"1,560"
551,01. 09,GS칼텍스,KGC인삼공사,서울장충,19:00,"1,991"
552,01. 10,현대캐피탈,대한항공,천안유관순,19:00,"5,043"
553,01. 11,OK저축은행,삼성화재,안산상록수,19:00,"1,838"
554,01. 12,한국전력,우리카드,수원,14:00,"2,157"
555,01. 12,GS칼텍스,한국도로공사,서울장충,16:00,"3,982"
556,01. 13,KB손해보험,현대캐피탈,의정부,14:00,"4,528"
557,01. 13,현대건설,IBK기업은행,수원,16:00,"2,633"
558,01. 14,대한항공,OK저축은행,인천계양,19:00,"1,849"
559,01. 15,한국전력,삼성화재,수원,19:00,804
560,01. 16,KGC인삼공사,흥국생명,대전충무,19:00,"2,654"
561,01. 16,IBK기업은행,GS칼텍스,화성종합실내,19:00,"1,954"
562,01. 17,우리카드,KB손해보험,서울장충,19:00,"4,010"
563,01. 18,한국전력,OK저축은행,수원,19:00,"1,199"
564,01. 19,,,,,
565,01. 20,,,,,
566,01. 21,,,,,
567,01. 22,,,,,
568,01. 23,,,,,
569,01. 24,흥국생명,KGC인삼공사,인천계양,19:00,"1,387"
570,01. 24,우리카드,한국전력,서울장충,19:00,"3,862"
571,01. 25,KB손해보험,대한항공,의정부,19:00,"2,354"
572,01. 26,삼성화재,OK저축은행,대전충무,14:05,"3,307"
573,01. 26,GS칼텍스,IBK기업은행,서울장충,16:00,"4,026"
574,01. 27,현대캐피탈,우리카드,천안유관순,14:00,"4,240"
575,01. 27,흥국생명,현대건설,인천계양,16:00,"3,005"
576,01. 28,한국전력,KB손해보험,수원,19:00,"1,075"
577,01. 29,OK저축은행,대한항공,안산상록수,19:00,"1,920"
578,01. 30,한국도로공사,현대건설,김천실내,19:00,"2,267"
579,01. 30,IBK기업은행,KGC인삼공사,화성종합실내,19:00,"1,423"
580,01. 31,현대캐피탈,삼성화재,천안유관순,19:00,"3,002"
581,02. 01,한국전력,OK저축은행,수원,19:00,"1,034"
582,02. 02,KB손해보험,우리카드,의정부,14:00,"3,015"
583,02. 02,GS칼텍스,한국도로공사,서울장충,16:00,"3,248"
584,02. 03,대한항공,현대캐피탈,인천계양,14:00,"3,211"
585,02. 03,현대건설,KGC인삼공사,수원,16:00,"1,858"
586,02. 04,삼성화재,한국전력,대전충무,14:00,"2,451"
587,02. 04,흥국생명,IBK기업은행,인천계양,16:00,"3,030"
588,02. 05,OK저축은행,KB손해보험,안산상록수,14:00,"1,539"
589,02. 05,현대건설,GS칼텍스,수원,16:00,"1,758"
590,02. 06,우리카드,대한항공,서울장충,14:00,"3,980"
591,02. 06,한국도로공사,흥국생명,김천실내,16:00,"3,481"
592,02. 07,한국전력,현대캐피탈,수원,19:00,"1,826"
593,02. 08,KB손해보험,삼성화재,의정부,19:00,"1,959"
594,02. 09,우리카드,OK저축은행,서울장충,14:00,"3,802"
595,02. 09,KGC인삼공사,GS칼텍스,대전충무,16:00,"2,683"
596,02. 10,대한항공,한국전력,인천계양,14:00,"2,431"
597,02. 10,한국도로공사,IBK기업은행,김천실내,16:00,"4,944"
598,02. 11,현대캐피탈,KB손해보험,천안유관순,19:00,"2,349"
599,02. 12,삼성화재,우리카드,대전충무,19:00,"2,196"
600,02. 13,KGC인삼공사,한국도로공사,대전충무,19:00,"2,331"
601,02. 13,GS칼텍스,흥국생명,서울장충,19:00,"3,716"
602,02. 14,IBK기업은행,현대건설,화성종합실내,19:00,"1,380"
603,02. 14,OK저축은행,현대캐피탈,안산상록수,19:00,"1,908"
604,02. 15,대한항공,삼성화재,인천계양,19:00,"1,550"
605,02. 16,한국전력,우리카드,수원,14:00,"2,004"
606,02. 16,IBK기업은행,GS칼텍스,화성종합실내,16:00,"3,817"
607,02. 17,KB손해보험,OK저축은행,의정부,14:00,"4,076"
608,02. 17,현대건설,한국도로공사,수원,16:00,"3,604"
609,02. 18,현대캐피탈,대한항공,천안유관순,19:00,"3,183"
610,02. 19,한국전력,삼성화재,수원,19:00,"1,206"
611,02. 20,현대건설,IBK기업은행,수원,19:00,"1,653"
612,02. 20,GS칼텍스,KGC인삼공사,서울장충,19:00,"1,938"
613,02. 21,우리카드,KB손해보험,서울장충,19:00,"3,510"
614,02. 22,삼성화재,대한항공,대전충무,19:00,"2,892"
615,02. 23,현대캐피탈,한국전력,천안유관순,14:00,"3,206"
616,02. 23,흥국생명,GS칼텍스,인천계양,16:00,"2,970"
617,02. 24,OK저축은행,우리카드,안산상록수,14:00,"2,722"
618,02. 24,KGC인삼공사,현대건설,대전충무,16:00,"2,710"
619,02. 25,대한항공,KB손해보험,인천계양,19:00,"1,975"
620,02. 26,삼성화재,현대캐피탈,대전충무,19:00,"2,954"
621,02. 27,한국도로공사,KGC인삼공사,김천실내,19:00,"2,799"
622,02. 27,IBK기업은행,흥국생명,화성종합실내,19:00,"1,817"
623,02. 28,KB손해보험,한국전력,의정부,19:00,"2,419"
624,03. 01,현대캐피탈,OK저축은행,천안유관순,14:00,"4,908"
625,03. 01,GS칼텍스,현대건설,서울장충,16:00,"4,200"
626,03. 02,우리카드,삼성화재,서울장충,14:00,"3,421"
627,03. 02,KGC인삼공사,흥국생명,대전충무,16:00,"2,834"
628,03. 03,한국전력,대한항공,수원,14:00,"2,513"
629,03. 03,한국도로공사,GS칼텍스,김천실내,16:00,"4,112"
630,03. 04,KB손해보험,현대캐피탈,의정부,19:00,"2,789"
631,03. 05,OK저축은행,삼성화재,안산상록수,19:00,"1,204"
632,03. 06,흥국생명,한국도로공사,인천계양,19:00,"2,130"
633,03. 06,KGC인삼공사,IBK기업은행,대전충무,19:00,"2,423"
634,03. 07,대한항공,우리카드,인천계양,19:00,"1,845"
635,03. 08,OK저축은행,한국전력,안산상록수,19:00,"1,852"
636,03. 09,삼성화재,KB손해보험,대전충무,14:00,"2,903"
637,03. 09,현대건설,흥국생명,수원,16:00,"3,383"
638,03. 10,우리카드,현대캐피탈,서울장충,14:00,"3,792"
639,03. 10,IBK기업은행,한국도로공사,화성종합실내,16:00,"2,017"
640,03. 11,대한항공,OK저축은행,인천계양,19:00,"1,327"
641,03. 12,,,,,
642,03. 13,,,,,
643,03. 14,,,,,
644,03. 15,한국도로공사,GS칼텍스,김천실내,19:00,"3,080"
645,03. 16,현대캐피탈,우리카드,천안유관순,14:00,"3,460"
646,03. 17,GS칼텍스,한국도로공사,서울장충,14:05,"4,200"
647,03. 18,우리카드,현대캐피탈,서울장충,19:00,"3,950"
648,03. 19,한국도로공사,GS칼텍스,김천실내,19:00,"2,932"
649,03. 20,,,,,
650,03. 21,흥국생명,한국도로공사,인천계양,19:00,"2,591"
651,03. 22,대한항공,현대캐피탈,인천계양,19:00,"2,924"
652,03. 23,흥국생명,한국도로공사,인천계양,14:00,"3,053"
653,03. 24,대한항공,현대캐피탈,인천계양,14:00,"3,050"
654,03. 25,한국도로공사,흥국생명,김천실내,19:00,"4,619"
655,03. 26,현대캐피탈,대한항공,천안유관순,19:00,"3,897"
656,03. 27,한국도로공사,흥국생명,김천실내,19:00,"4,091"
657,03. 28,,,,,
658,03. 29,,,,,
659,03. 30,,,,,
660,03. 31,,,,,
661,10. 12,현대캐피탈,대한항공,천안유관순,14:00,"3,788"
662,10. 13,삼성화재,우리카드,대전충무,14:00,"2,308"
663,10. 14,,,,,
664,10. 15,KB손해보험,한국전력,의정부,19:00,"1,923"
665,10. 16,삼성화재,OK저축은행,대전충무,19:00,"1,566"
666,10. 17,현대캐피탈,우리카드,천안유관순,19:00,"1,892"
667,10. 18,대한항공,한국전력,인천계양,19:00,"1,675"
668,10. 19,KB손해보험,삼성화재,의정부,14:00,"2,162"
669,10. 19,흥국생명,한국도로공사,인천계양,16:00,"2,901"
670,10. 20,OK저축은행,우리카드,안산상록수,14:00,"2,627"
671,10. 20,IBK기업은행,KGC인삼공사,화성종합실내,16:00,"1,936"
672,10. 21,,,,,
673,10. 22,대한항공,삼성화재,인천계양,19:00,"1,213"
674,10. 22,GS칼텍스,흥국생명,서울장충,19:00,"3,466"
675,10. 23,한국전력,우리카드,수원,19:00,"2,127"
676,10. 23,KGC인삼공사,현대건설,대전충무,19:00,"2,054"
677,10. 24,KB손해보험,현대캐피탈,의정부,19:00,"2,151"
678,10. 24,IBK기업은행,한국도로공사,화성종합실내,19:00,"1,398"
679,10. 25,OK저축은행,대한항공,안산상록수,19:00,"1,926"
680,10. 26,삼성화재,한국전력,대전충무,14:00,"2,090"
681,10. 26,흥국생명,현대건설,인천계양,16:00,"2,503"
682,10. 27,우리카드,KB손해보험,서울장충,14:00,"3,850"
683,10. 27,한국도로공사,GS칼텍스,김천실내,16:00,"4,843"
684,10. 28,,,,,
685,10. 29,현대캐피탈,한국전력,천안유관순,19:00,"1,777"
686,10. 29,KGC인삼공사,흥국생명,대전충무,19:00,"1,251"
687,10. 30,KB손해보험,OK저축은행,의정부,19:00,"1,427"
688,10. 30,GS칼텍스,IBK기업은행,서울장충,19:00,"2,685"
689,10. 31,우리카드,대한항공,서울장충,19:00,"3,450"
690,10. 31,한국도로공사,현대건설,김천실내,19:00,"1,723"
691,11. 01,현대캐피탈,삼성화재,천안유관순,19:00,"2,206"
692,11. 02,한국전력,OK저축은행,수원,14:00,"1,719"
693,11. 02,KGC인삼공사,GS칼텍스,대전충무,16:00,"2,143"
694,11. 03,대한항공,KB손해보험,인천계양,14:00,"1,920"
695,11. 03,현대건설,IBK기업은행,수원,16:00,"2,905"
696,11. 04,,,,,
697,11. 05,OK저축은행,현대캐피탈,안산상록수,19:00,"2,053"
698,11. 05,한국도로공사,KGC인삼공사,김천실내,19:00,"1,566"
699,11. 06,대한항공,우리카드,인천계양,19:00,"1,158"
700,11. 06,GS칼텍스,현대건설,서울장충,19:00,"3,450"
701,11. 07,삼성화재,KB손해보험,대전충무,19:00,"1,930"
702,11. 07,IBK기업은행,흥국생명,화성종합실내,19:00,"1,001"
703,11. 08,한국전력,현대캐피탈,수원,19:00,"1,286"
704,11. 09,우리카드,OK저축은행,서울장충,14:00,"2,520"
705,11. 09,한국도로공사,현대건설,김천실내,16:00,"2,409"
706,11. 10,삼성화재,대한항공,대전충무,14:00,"3,258"
707,11. 10,흥국생명,IBK기업은행,인천계양,16:00,"2,564"
708,11. 11,,,,,
709,11. 12,현대캐피탈,KB손해보험,천안유관순,19:00,"2,084"
710,11. 12,KGC인삼공사,한국도로공사,대전충무,19:00,"1,652"
711,11. 13,OK저축은행,삼성화재,안산상록수,19:00,"1,299"
712,11. 13,현대건설,흥국생명,수원,19:00,"2,132"
713,11. 14,한국전력,대한항공,수원,19:00,780
714,11. 14,IBK기업은행,GS칼텍스,화성종합실내,19:00,850
715,11. 15,현대캐피탈,우리카드,천안유관순,19:00,"2,725"
716,11. 16,OK저축은행,KB손해보험,안산상록수,14:00,"2,105"
717,11. 16,현대건설,KGC인삼공사,수원,16:00,"2,377"
718,11. 17,한국전력,삼성화재,수원,14:00,"1,500"
719,11. 17,흥국생명,GS칼텍스,인천계양,16:00,"2,825"
720,11. 18,,,,,
721,11. 19,KB손해보험,우리카드,의정부,19:00,"1,448"
722,11. 19,IBK기업은행,현대건설,화성종합실내,19:00,"1,346"
723,11. 20,대한항공,OK저축은행,인천계양,19:00,"1,242"
724,11. 20,GS칼텍스,한국도로공사,서울장충,19:00,"2,709"
725,11. 21,삼성화재,현대캐피탈,대전충무,19:00,"3,505"
726,11. 21,흥국생명,KGC인삼공사,인천계양,19:00,"1,137"
727,11. 22,우리카드,한국전력,서울장충,19:00,"3,200"
728,11. 23,KB손해보험,대한항공,의정부,14:00,"2,253"
729,11. 23,한국도로공사,IBK기업은행,김천실내,16:00,"2,307"
730,11. 24,현대캐피탈,OK저축은행,천안유관순,14:00,"3,425"
731,11. 24,GS칼텍스,KGC인삼공사,서울장충,16:00,"3,621"
732,11. 25,,,,,
733,11. 26,한국전력,KB손해보험,수원,19:00,955
734,11. 26,흥국생명,한국도로공사,인천계양,19:00,"2,293"
735,11. 27,우리카드,삼성화재,서울장충,19:00,"3,627"
736,11. 27,KGC인삼공사,IBK기업은행,대전충무,19:00,"1,944"
737,11. 28,대한항공,현대캐피탈,인천계양,19:00,"2,159"
738,11. 28,현대건설,GS칼텍스,수원,19:00,"2,541"
739,11. 29,OK저축은행,한국전력,안산상록수,19:00,"1,602"
740,11. 30,KB손해보험,삼성화재,의정부,14:00,"2,484"
741,11. 30,KGC인삼공사,흥국생명,대전충무,16:00,"2,813"
742,12. 01,현대캐피탈,대한항공,천안유관순,14:00,"3,762"
743,12. 01,현대건설,한국도로공사,수원,16:00,"2,972"
744,12. 02,,,,,
745,12. 03,KB손해보험,OK저축은행,의정부,19:00,"1,423"
746,12. 03,IBK기업은행,KGC인삼공사,화성종합실내,19:00,969
747,12. 04,삼성화재,우리카드,대전충무,19:00,"2,262"
748,12. 04,GS칼텍스,한국도로공사,서울장충,19:00,"2,896"
749,12. 05,한국전력,현대캐피탈,수원,19:00,"1,317"
750,12. 05,흥국생명,현대건설,인천계양,19:00,"2,327"
751,12. 06,OK저축은행,대한항공,안산상록수,19:00,"1,618"
752,12. 07,우리카드,KB손해보험,서울장충,14:00,"3,427"
753,12. 07,IBK기업은행,한국도로공사,화성종합실내,16:00,"1,734"
754,12. 08,삼성화재,한국전력,대전충무,14:00,"3,007"
755,12. 08,GS칼텍스,흥국생명,서울장충,14:15,"4,200"
756,12. 09,,,,,
757,12. 10,OK저축은행,우리카드,안산상록수,19:00,"1,323"
758,12. 10,현대건설,IBK기업은행,수원,19:00,"1,989"
759,12. 11,현대캐피탈,삼성화재,천안유관순,19:00,"3,632"
760,12. 11,KGC인삼공사,GS칼텍스,대전충무,19:00,"2,174"
761,12. 12,대한항공,KB손해보험,인천계양,19:00,"1,660"
762,12. 12,한국도로공사,흥국생명,김천실내,19:00,"2,522"
763,12. 13,한국전력,OK저축은행,수원,19:00,"1,188"
764,12. 14,우리카드,현대캐피탈,서울장충,14:00,"4,081"
765,12. 14,IBK기업은행,GS칼텍스,화성종합실내,16:00,"2,171"
766,12. 15,대한항공,삼성화재,인천계양,14:00,"2,415"
767,12. 15,KGC인삼공사,현대건설,대전충무,16:00,"2,832"
768,12. 16,,,,,
769,12. 17,IBK기업은행,흥국생명,화성종합실내,19:00,"1,151"
770,12. 18,KB손해보험,한국전력,의정부,19:00,"3,287"
771,12. 18,한국도로공사,KGC인삼공사,김천실내,19:00,"2,021"
772,12. 19,우리카드,대한항공,서울장충,19:00,"3,307"
773,12. 19,현대건설,GS칼텍스,수원,19:00,"2,271"
774,12. 20,삼성화재,OK저축은행,대전충무,19:00,"3,002"
775,12. 21,현대캐피탈,KB손해보험,천안유관순,14:00,"3,503"
776,12. 22,대한항공,한국전력,인천계양,14:00,"2,006"
777,12. 23,,,,,
778,12. 24,OK저축은행,현대캐피탈,안산상록수,19:00,"2,558"
779,12. 25,한국전력,우리카드,수원,14:00,"2,813"
780,12. 26,,,,,
781,12. 27,,,,,
782,12. 28,OK저축은행,삼성화재,안산상록수,14:00,"2,022"
783,12. 29,KB손해보험,대한항공,의정부,14:00,"3,188"
784,12. 30,,,,,
785,12. 31,우리카드,한국전력,서울장충,19:00,"3,982"
786,01. 01,삼성화재,KB손해보험,대전충무,14:00,"2,508"
787,01. 02,,,,,
788,01. 03,현대캐피탈,OK저축은행,천안유관순,19:00,"3,032"
789,01. 04,대한항공,우리카드,인천계양,14:00,"1,833"
790,01. 05,,,,,
791,01. 06,,,,,
792,01. 07,,,,,
793,01. 08,,,,,
794,01. 09,,,,,
795,01. 10,,,,,
796,01. 11,,,,,
797,01. 12,,,,,
798,01. 13,,,,,
799,01. 14,한국전력,대한항공,수원,19:00,909
800,01. 14,흥국생명,IBK기업은행,인천계양,19:00,"1,707"
801,01. 15,현대캐피탈,우리카드,천안유관순,19:01,"2,490"
802,01. 15,KGC인삼공사,한국도로공사,대전충무,19:00,"1,671"
803,01. 16,OK저축은행,KB손해보험,안산상록수,19:00,"1,120"
804,01. 16,GS칼텍스,현대건설,서울장충,19:00,"4,156"
805,01. 17,한국전력,삼성화재,수원,19:00,781
806,01. 18,대한항공,현대캐피탈,인천계양,14:00,"2,945"
807,01. 18,한국도로공사,흥국생명,김천실내,16:00,"4,004"
808,01. 19,우리카드,OK저축은행,서울장충,14:00,"3,572"
809,01. 19,IBK기업은행,현대건설,화성종합실내,16:00,"3,771"
810,01. 20,,,,,
811,01. 21,현대캐피탈,한국전력,천안유관순,19:00,"1,887"
812,01. 21,흥국생명,GS칼텍스,인천계양,19:00,"1,898"
813,01. 22,KB손해보험,우리카드,의정부,19:00,"1,482"
814,01. 22,한국도로공사,IBK기업은행,김천실내,19:00,"1,665"
815,01. 23,삼성화재,대한항공,대전충무,19:00,"1,650"
816,01. 23,현대건설,KGC인삼공사,수원,19:00,"1,928"
817,01. 24,OK저축은행,한국전력,안산상록수,14:00,"1,301"
818,01. 25,KB손해보험,현대캐피탈,의정부,14:00,"2,799"
819,01. 25,GS칼텍스,한국도로공사,서울장충,16:00,"3,455"
820,01. 26,우리카드,삼성화재,서울장충,14:00,"4,165"
821,01. 26,KGC인삼공사,IBK기업은행,대전충무,16:00,"2,586"
822,01. 27,대한항공,OK저축은행,인천계양,14:00,"2,386"
823,01. 27,현대건설,흥국생명,수원,16:00,"4,654"
824,01. 28,한국전력,KB손해보험,수원,19:00,770
825,01. 29,삼성화재,현대캐피탈,대전충무,19:00,"2,026"
826,01. 29,GS칼텍스,KGC인삼공사,서울장충,19:00,"1,930"
827,01. 30,OK저축은행,대한항공,안산상록수,19:00,964
828,01. 30,현대건설,한국도로공사,수원,19:00,"2,064"
829,01. 31,KB손해보험,한국전력,의정부,19:00,"1,098"
830,02. 01,삼성화재,우리카드,대전충무,16:00,"1,392"
831,02. 01,흥국생명,KGC인삼공사,인천계양,14:10,"1,904"
832,02. 02,현대캐피탈,대한항공,천안유관순,14:00,"3,197"
833,02. 02,GS칼텍스,IBK기업은행,서울장충,16:00,"2,712"
834,02. 03,,,,,
835,02. 04,KB손해보험,OK저축은행,의정부,19:00,716
836,02. 04,흥국생명,현대건설,인천계양,19:00,"2,293"
837,02. 05,우리카드,현대캐피탈,서울장충,19:00,"2,173"
838,02. 05,IBK기업은행,GS칼텍스,화성종합실내,19:00,963
839,02. 06,대한항공,삼성화재,인천계양,19:00,712
840,02. 06,한국도로공사,KGC인삼공사,김천실내,19:00,"1,277"
841,02. 07,한국전력,OK저축은행,수원,19:00,560
842,02. 08,현대캐피탈,KB손해보험,천안유관순,14:00,"2,786"
843,02. 08,IBK기업은행,흥국생명,화성종합실내,16:00,"1,825"
844,02. 09,우리카드,대한항공,서울장충,14:00,"2,471"
845,02. 09,KGC인삼공사,GS칼텍스,대전충무,16:00,"2,174"
846,02. 10,,,,,
847,02. 11,KB손해보험,삼성화재,의정부,19:00,795
848,02. 11,현대건설,한국도로공사,수원,19:00,"1,857"
849,02. 12,한국전력,우리카드,수원,19:00,515
850,02. 12,IBK기업은행,KGC인삼공사,화성종합실내,19:00,"1,013"
851,02. 13,OK저축은행,현대캐피탈,안산상록수,19:00,"1,174"
852,02. 13,GS칼텍스,흥국생명,서울장충,19:00,"2,812"
853,02. 14,대한항공,KB손해보험,인천계양,19:00,"1,012"
854,02. 15,삼성화재,한국전력,대전충무,14:00,"1,466"
855,02. 15,현대건설,KGC인삼공사,수원,16:00,"3,468"
856,02. 16,OK저축은행,우리카드,안산상록수,14:00,"1,384"
857,02. 16,흥국생명,한국도로공사,인천계양,16:00,"1,950"
858,02. 17,,,,,
859,02. 18,현대캐피탈,삼성화재,천안유관순,19:00,"1,641"
860,02. 18,현대건설,IBK기업은행,수원,19:00,"1,950"
861,02. 19,대한항공,한국전력,인천계양,19:00,889
862,02. 19,한국도로공사,GS칼텍스,김천실내,19:00,"1,451"
863,02. 20,우리카드,KB손해보험,서울장충,19:00,"1,273"
864,02. 20,흥국생명,KGC인삼공사,인천계양,19:00,"1,908"
865,02. 21,삼성화재,OK저축은행,대전충무,19:00,716
866,02. 22,한국전력,현대캐피탈,수원,14:00,964
867,02. 22,IBK기업은행,한국도로공사,화성종합실내,16:00,"1,270"
868,02. 23,KB손해보험,우리카드,의정부,14:00,728
869,02. 23,GS칼텍스,현대건설,서울장충,16:00,"3,709"
870,02. 24,,,,,
871,02. 25,한국전력,삼성화재,수원,19:00,0
872,02. 25,KGC인삼공사,IBK기업은행,대전충무,19:00,0
873,02. 26,OK저축은행,KB손해보험,안산상록수,19:00,0
874,02. 26,현대건설,흥국생명,수원,19:00,0
875,02. 27,우리카드,현대캐피탈,서울장충,19:10,0
876,02. 27,한국도로공사,GS칼텍스,김천실내,19:00,0
877,02. 28,삼성화재,대한항공,대전충무,19:00,0
878,02. 29,OK저축은행,한국전력,안산상록수,14:00,0
879,02. 29,흥국생명,IBK기업은행,인천계양,16:00,0
880,03. 01,KB손해보험,현대캐피탈,의정부,14:00,0
881,03. 01,현대건설,GS칼텍스,수원,16:00,0
882,03. 02,,,,,
883,03. 03,,,,,
884,03. 04,,,,,
885,03. 05,,,,,
886,03. 06,,,,,
887,03. 07,,,,,
888,03. 08,,,,,
889,03. 09,,,,,
890,03. 10,,,,,
891,03. 11,,,,,
892,03. 12,,,,,
893,03. 13,,,,,
894,03. 14,,,,,
895,03. 15,,,,,
896,03. 16,,,,,
897,03. 17,,,,,
898,03. 18,,,,,
899,03. 19,,,,,
900,03. 20,,,,,
901,03. 21,,,,,
902,03. 22,,,,,
903,03. 23,,,,,
904,03. 24,,,,,
905,03. 25,,,,,
906,03. 26,,,,,
907,03. 27,,,,,
908,03. 28,,,,,
909,03. 29,,,,,
910,03. 30,,,,,
911,03. 31,,,,,
912,10. 17,우리카드,대한항공,서울장충,14:00,0
913,10. 17,현대건설,GS칼텍스,수원,14:00,0
914,10. 18,한국전력,삼성화재,수원,19:00,0
915,10. 18,KGC인삼공사,IBK기업은행,대전충무,19:00,0
916,10. 19,,,,,
917,10. 20,현대캐피탈,우리카드,천안유관순,15:30,0
918,10. 21,대한항공,삼성화재,인천계양,15:30,0
919,10. 21,GS칼텍스,흥국생명,서울장충,15:30,0
920,10. 22,OK금융그룹,한국전력,안산상록수,15:30,0
921,10. 23,우리카드,KB손해보험,서울장충,15:30,0
922,10. 23,현대건설,한국도로공사,수원,15:30,0
923,10. 24,삼성화재,현대캐피탈,대전충무,14:00,0
924,10. 24,흥국생명,KGC인삼공사,인천계양,14:00,0
925,10. 25,대한항공,OK금융그룹,인천계양,19:00,0
926,10. 25,IBK기업은행,GS칼텍스,화성종합실내,19:00,0
927,10. 26,,,,,
928,10. 27,KB손해보험,한국전력,의정부,15:30,0
929,10. 28,OK금융그룹,현대캐피탈,안산상록수,15:30,0
930,10. 28,KGC인삼공사,한국도로공사,대전충무,15:30,0
931,10. 29,우리카드,삼성화재,서울장충,15:30,0
932,10. 30,KB손해보험,대한항공,의정부,15:30,0
933,10. 30,IBK기업은행,현대건설,화성종합실내,15:30,0
934,10. 31,한국전력,현대캐피탈,수원,14:00,787
935,10. 31,흥국생명,한국도로공사,인천계양,16:00,525
936,11. 01,OK금융그룹,우리카드,안산상록수,14:00,425
937,11. 01,GS칼텍스,KGC인삼공사,서울장충,16:00,846
938,11. 02,,,,,
939,11. 03,삼성화재,KB손해보험,대전충무,19:00,265
940,11. 03,현대건설,흥국생명,수원,19:00,970
941,11. 04,현대캐피탈,대한항공,천안유관순,19:00,494
942,11. 05,한국전력,우리카드,수원,19:00,356
943,11. 06,삼성화재,OK금융그룹,대전충무,19:00,302
944,11. 06,한국도로공사,GS칼텍스,김천실내,19:00,932
945,11. 07,KB손해보험,현대캐피탈,의정부,14:01,571
946,11. 07,흥국생명,IBK기업은행,인천계양,16:00,463
947,11. 08,대한항공,한국전력,인천계양,14:00,514
948,11. 08,KGC인삼공사,현대건설,대전충무,16:00,723
949,11. 09,,,,,
950,11. 10,OK금융그룹,KB손해보험,안산상록수,19:00,449
951,11. 10,IBK기업은행,한국도로공사,화성종합실내,19:00,603
952,11. 11,대한항공,현대캐피탈,인천계양,19:00,747
953,11. 11,GS칼텍스,흥국생명,서울장충,19:00,"1,669"
954,11. 12,우리카드,한국전력,서울장충,19:00,642
955,11. 13,KB손해보험,OK금융그룹,의정부,19:00,525
956,11. 13,IBK기업은행,KGC인삼공사,화성종합실내,19:00,622
957,11. 14,현대캐피탈,삼성화재,천안유관순,14:00,518
958,11. 14,GS칼텍스,현대건설,서울장충,16:00,"1,686"
959,11. 15,한국전력,대한항공,수원,14:00,808
960,11. 15,한국도로공사,흥국생명,김천실내,16:00,"2,061"
961,11. 16,,,,,
962,11. 17,현대캐피탈,OK금융그룹,천안유관순,19:00,234
963,11. 17,현대건설,IBK기업은행,수원,19:00,843
964,11. 18,한국전력,KB손해보험,수원,19:00,493
965,11. 19,삼성화재,대한항공,대전충무,19:00,396
966,11. 20,우리카드,OK금융그룹,서울장충,19:00,581
967,11. 20,KGC인삼공사,한국도로공사,대전충무,19:00,475
968,11. 21,현대캐피탈,KB손해보험,천안유관순,14:00,374
969,11. 21,GS칼텍스,IBK기업은행,서울장충,16:00,802
970,11. 22,삼성화재,한국전력,대전충무,14:00,551
971,11. 22,흥국생명,현대건설,인천계양,16:00,463
972,11. 23,,,,,
973,11. 24,대한항공,우리카드,인천계양,19:00,0
974,11. 24,KGC인삼공사,GS칼텍스,대전충무,19:00,514
975,11. 25,KB손해보험,삼성화재,의정부,19:00,0
976,11. 26,한국전력,OK금융그룹,수원,19:00,0
977,11. 27,우리카드,현대캐피탈,서울장충,19:00,0
978,11. 27,IBK기업은행,흥국생명,화성종합실내,19:00,0
979,11. 28,대한항공,KB손해보험,인천계양,14:40,0
980,11. 28,GS칼텍스,한국도로공사,서울장충,16:00,0
981,11. 29,OK금융그룹,삼성화재,안산상록수,14:00,0
982,11. 29,현대건설,KGC인삼공사,수원,16:00,0
983,11. 30,,,,,
984,12. 01,KB손해보험,우리카드,의정부,19:00,0
985,12. 01,한국도로공사,IBK기업은행,김천실내,19:00,0
986,12. 02,현대캐피탈,한국전력,천안유관순,19:00,0
987,12. 02,흥국생명,KGC인삼공사,인천계양,19:00,0
988,12. 03,OK금융그룹,대한항공,안산상록수,19:00,0
989,12. 04,삼성화재,우리카드,대전충무,19:00,0
990,12. 04,한국도로공사,현대건설,김천실내,19:00,0
991,12. 05,KB손해보험,현대캐피탈,의정부,14:00,0
992,12. 05,흥국생명,GS칼텍스,인천계양,16:00,0
993,12. 06,대한항공,한국전력,인천계양,14:00,0
994,12. 06,KGC인삼공사,IBK기업은행,대전충무,16:00,0
995,12. 07,,,,,
996,12. 08,우리카드,KB손해보험,서울장충,19:00,0
997,12. 08,한국도로공사,현대건설,김천실내,19:00,0
998,12. 09,대한항공,삼성화재,인천계양,19:00,0
999,12. 10,현대캐피탈,OK금융그룹,천안유관순,19:00,0
1000,12. 11,한국전력,우리카드,수원,19:00,0
1001,12. 11,IBK기업은행,GS칼텍스,화성종합실내,19:00,0
1002,12. 12,KB손해보험,대한항공,의정부,14:00,0
1003,12. 12,KGC인삼공사,현대건설,대전충무,16:00,0
1004,12. 13,삼성화재,OK금융그룹,대전충무,14:00,0
1005,12. 13,흥국생명,한국도로공사,인천계양,16:00,0
1006,12. 14,,,,,
1007,12. 15,한국전력,현대캐피탈,수원,19:00,0
1008,12. 16,OK금융그룹,우리카드,안산상록수,19:00,0
1009,12. 16,GS칼텍스,KGC인삼공사,서울장충,19:00,0
1010,12. 17,삼성화재,KB손해보험,대전충무,19:00,0
1011,12. 18,현대캐피탈,대한항공,천안유관순,19:00,0
1012,12. 18,흥국생명,IBK기업은행,인천계양,19:00,0
1013,12. 19,OK금융그룹,한국전력,안산상록수,14:00,0
1014,12. 19,현대건설,GS칼텍스,수원,16:00,0
1015,12. 20,우리카드,삼성화재,서울장충,14:00,0
1016,12. 20,한국도로공사,KGC인삼공사,김천실내,16:00,0
1017,12. 21,,,,,
1018,12. 22,KB손해보험,한국전력,의정부,19:00,0
1019,12. 23,대한항공,OK금융그룹,인천계양,19:00,0
1020,12. 23,IBK기업은행,한국도로공사,화성종합실내,19:00,0
1021,12. 24,현대캐피탈,우리카드,천안유관순,19:00,0
1022,12. 25,한국전력,삼성화재,수원,14:00,0
1023,12. 25,KGC인삼공사,흥국생명,대전충무,16:00,0
1024,12. 26,OK금융그룹,KB손해보험,안산상록수,14:00,0
1025,12. 26,IBK기업은행,현대건설,화성종합실내,16:00,0
1026,12. 27,대한항공,우리카드,인천계양,14:00,0
1027,12. 27,한국도로공사,GS칼텍스,김천실내,16:00,0
1028,12. 28,,,,,
1029,12. 29,삼성화재,현대캐피탈,대전충무,19:00,0
1030,12. 29,현대건설,흥국생명,수원,19:00,0
1031,12. 30,KB손해보험,우리카드,의정부,19:00,0
1032,12. 30,IBK기업은행,GS칼텍스,화성종합실내,19:00,0
1033,12. 31,한국전력,대한항공,수원,19:00,0
1034,01. 01,OK금융그룹,삼성화재,안산상록수,14:00,0
1035,01. 01,현대건설,KGC인삼공사,수원,16:00,0
1036,01. 02,,,,,
1037,01. 03,,,,,
1038,01. 04,,,,,
1039,01. 05,KB손해보험,삼성화재,의정부,19:00,0
1040,01. 05,한국도로공사,KGC인삼공사,김천실내,19:00,0
1041,01. 06,대한항공,현대캐피탈,인천계양,19:00,0
1042,01. 07,우리카드,OK금융그룹,서울장충,19:00,0
1043,01. 08,한국전력,KB손해보험,수원,19:00,0
1044,01. 08,흥국생명,현대건설,인천계양,19:00,0
1045,01. 09,삼성화재,대한항공,대전충무,14:00,0
1046,01. 09,IBK기업은행,KGC인삼공사,화성종합실내,16:00,0
1047,01. 10,OK금융그룹,현대캐피탈,안산상록수,14:00,0
1048,01. 10,GS칼텍스,한국도로공사,서울장충,16:00,0
1049,01. 11,,,,,
1050,01. 12,대한항공,우리카드,인천계양,19:00,0
1051,01. 12,현대건설,IBK기업은행,수원,19:00,0
1052,01. 13,현대캐피탈,삼성화재,천안유관순,19:00,0
1053,01. 13,한국도로공사,흥국생명,김천실내,19:00,0
1054,01. 14,한국전력,OK금융그룹,수원,19:00,0
1055,01. 15,대한항공,KB손해보험,인천계양,19:00,0
1056,01. 15,KGC인삼공사,GS칼텍스,대전충무,19:00,0
1057,01. 16,삼성화재,우리카드,대전충무,14:00,0
1058,01. 16,현대건설,한국도로공사,수원,16:00,0
1059,01. 17,현대캐피탈,한국전력,천안유관순,14:00,0
1060,01. 17,IBK기업은행,흥국생명,화성종합실내,16:00,0
1061,01. 18,,,,,
1062,01. 19,KB손해보험,OK금융그룹,의정부,19:00,0
1063,01. 20,우리카드,현대캐피탈,서울장충,19:00,0
1064,01. 20,KGC인삼공사,흥국생명,대전충무,19:00,0
1065,01. 21,삼성화재,한국전력,대전충무,19:00,0
1066,01. 22,OK금융그룹,대한항공,안산상록수,19:00,0
1067,01. 22,GS칼텍스,현대건설,서울장충,19:00,0
1068,01. 23,현대캐피탈,KB손해보험,천안유관순,14:00,0
1069,01. 23,한국도로공사,IBK기업은행,김천실내,16:00,0
1070,01. 24,우리카드,한국전력,서울장충,14:00,0
1071,01. 25,,,,,
1072,01. 26,흥국생명,GS칼텍스,인천계양,19:00,0
1073,01. 27,KB손해보험,현대캐피탈,의정부,19:00,0
1074,01. 27,한국도로공사,현대건설,김천실내,19:00,0
1075,01. 28,한국전력,우리카드,수원,19:00,0
1076,01. 29,대한항공,삼성화재,인천계양,19:00,0
1077,01. 29,GS칼텍스,IBK기업은행,서울장충,19:00,0
1078,01. 30,OK금융그룹,KB손해보험,안산상록수,14:00,0
1079,01. 30,한국도로공사,KGC인삼공사,김천실내,16:00,0
1080,01. 31,현대캐피탈,우리카드,천안유관순,14:00,0
1081,01. 31,현대건설,흥국생명,수원,16:00,0
1082,02. 01,,,,,
1083,02. 02,삼성화재,OK금융그룹,대전충무,19:00,0
1084,02. 03,KB손해보험,대한항공,의정부,19:00,0
1085,02. 03,KGC인삼공사,IBK기업은행,대전충무,19:00,0
1086,02. 04,한국전력,현대캐피탈,수원,19:00,0
1087,02. 05,우리카드,삼성화재,서울장충,19:00,0
1088,02. 05,흥국생명,GS칼텍스,인천계양,19:00,0
1089,02. 06,대한항공,OK금융그룹,인천계양,14:00,0
1090,02. 06,KGC인삼공사,현대건설,대전충무,16:00,0
1091,02. 07,KB손해보험,한국전력,의정부,14:00,0
1092,02. 07,IBK기업은행,한국도로공사,화성종합실내,13:16,0
1093,02. 08,,,,,
1094,02. 09,OK금융그룹,우리카드,안산상록수,19:00,0
1095,02. 09,현대건설,GS칼텍스,수원,19:00,0
1096,02. 10,삼성화재,KB손해보험,대전충무,19:00,0
1097,02. 11,대한항공,한국전력,인천계양,14:00,0
1098,02. 11,한국도로공사,흥국생명,김천실내,16:00,0
1099,02. 12,현대캐피탈,OK금융그룹,천안유관순,14:00,0
1100,02. 13,IBK기업은행,현대건설,화성종합실내,16:00,0
1101,02. 14,한국전력,삼성화재,수원,14:00,0
1102,02. 14,GS칼텍스,KGC인삼공사,서울장충,16:00,0
1103,02. 15,,,,,
1104,02. 16,현대캐피탈,대한항공,천안유관순,19:00,0
1105,02. 16,흥국생명,IBK기업은행,인천계양,19:00,0
1106,02. 17,우리카드,KB손해보험,서울장충,19:00,0
1107,02. 17,한국도로공사,GS칼텍스,김천실내,19:00,0
1108,02. 18,OK금융그룹,한국전력,안산상록수,19:00,0
1109,02. 19,삼성화재,현대캐피탈,대전충무,19:00,0
1110,02. 19,흥국생명,KGC인삼공사,인천계양,19:00,0
1111,02. 20,우리카드,대한항공,서울장충,14:00,0
1112,02. 20,현대건설,IBK기업은행,수원,16:00,0
1113,02. 21,KB손해보험,OK금융그룹,의정부,14:00,0
1114,02. 21,GS칼텍스,한국도로공사,서울장충,16:00,0
1115,02. 22,,,,,
1116,02. 23,,,,,
1117,02. 24,IBK기업은행,흥국생명,화성종합실내,19:00,0
1118,02. 25,,,,,
1119,02. 26,현대건설,KGC인삼공사,수원,19:00,0
1120,02. 27,한국도로공사,IBK기업은행,김천실내,16:00,0
1121,02. 28,GS칼텍스,흥국생명,서울장충,16:00,0
1122,03. 01,,,,,
1123,03. 02,,,,,
1124,03. 03,KGC인삼공사,한국도로공사,대전충무,19:00,0
1125,03. 04,,,,,
1126,03. 05,GS칼텍스,현대건설,서울장충,19:00,0
1127,03. 06,흥국생명,한국도로공사,인천계양,16:00,0
1128,03. 07,IBK기업은행,KGC인삼공사,화성종합실내,16:00,0
1129,03. 08,,,,,
1130,03. 09,흥국생명,현대건설,인천계양,19:00,0
1131,03. 10,,,,,
1132,03. 11,삼성화재,우리카드,대전충무,19:00,0
1133,03. 12,GS칼텍스,IBK기업은행,서울장충,19:00,0
1134,03. 13,현대캐피탈,한국전력,천안유관순,14:00,0
1135,03. 13,KGC인삼공사,흥국생명,대전충무,16:00,0
1136,03. 14,대한항공,KB손해보험,인천계양,14:00,0
1137,03. 14,현대건설,한국도로공사,수원,16:00,0
1138,03. 15,OK금융그룹,현대캐피탈,안산상록수,19:00,0
1139,03. 16,KGC인삼공사,GS칼텍스,대전충무,19:00,0
1140,03. 17,한국전력,대한항공,수원,19:00,0
1141,03. 18,KB손해보험,삼성화재,의정부,19:00,0
1142,03. 19,우리카드,현대캐피탈,서울장충,19:00,0
1143,03. 20,한국전력,OK금융그룹,수원,16:00,0
1144,03. 20,흥국생명,IBK기업은행,인천계양,14:33,197
1145,03. 21,삼성화재,대한항공,대전충무,14:00,0
1146,03. 22,현대캐피탈,KB손해보험,천안유관순,19:00,0
1147,03. 22,IBK기업은행,흥국생명,화성종합실내,19:00,447
1148,03. 23,우리카드,OK금융그룹,서울장충,19:00,0
1149,03. 24,삼성화재,한국전력,대전충무,19:00,0
1150,03. 24,흥국생명,IBK기업은행,인천계양,19:00,189
1151,03. 25,대한항공,현대캐피탈,인천계양,19:00,0
1152,03. 26,KB손해보험,우리카드,의정부,19:00,0
1153,03. 26,GS칼텍스,흥국생명,서울장충,19:00,276
1154,03. 27,,,,,
1155,03. 28,OK금융그룹,삼성화재,안산상록수,14:00,0
1156,03. 28,GS칼텍스,흥국생명,서울장충,16:00,276
1157,03. 29,우리카드,대한항공,서울장충,19:00,0
1158,03. 30,한국전력,KB손해보험,수원,19:00,0
1159,03. 30,흥국생명,GS칼텍스,인천계양,19:00,251
1160,03. 31,현대캐피탈,삼성화재,천안유관순,19:00,0
1161,04. 01,OK금융그룹,대한항공,안산상록수,19:00,0
1162,04. 02,우리카드,한국전력,서울장충,19:00,0
1163,04. 03,,,,,
1164,04. 04,KB손해보험,OK금융그룹,의정부,19:00,262
1165,04. 05,,,,,
1166,04. 06,우리카드,OK금융그룹,서울장충,15:30,287
1167,04. 07,우리카드,OK금융그룹,서울장충,15:30,295
1168,04. 08,,,,,
1169,04. 09,,,,,
1170,04. 10,,,,,
1171,04. 11,대한항공,우리카드,인천계양,19:00,249
1172,04. 12,대한항공,우리카드,인천계양,19:00,250
1173,04. 13,,,,,
1174,04. 14,우리카드,대한항공,서울장충,15:30,346
1175,04. 15,우리카드,대한항공,서울장충,15:30,344
1176,04. 16,,,,,
1177,04. 17,대한항공,우리카드,인천계양,14:00,244
1178,04. 18,,,,,
1179,04. 19,,,,,
1180,04. 20,,,,,
1181,04. 21,,,,,
1182,04. 22,,,,,
1183,04. 23,,,,,
1184,04. 24,,,,,
1185,04. 25,,,,,
1186,04. 26,,,,,
1187,04. 27,,,,,
1188,04. 28,,,,,
1189,04. 29,,,,,
1190,04. 30,,,,,
1191,10. 16,대한항공,우리카드,인천계양,14:00,0
1192,10. 16,GS칼텍스,흥국생명,서울장충,16:00,0
1193,10. 17,현대캐피탈,OK금융그룹,천안유관순,17:00,0
1194,10. 17,현대건설,IBK기업은행,수원,14:33,0
1195,10. 18,,,,,
1196,10. 19,삼성화재,한국전력,대전충무,19:00,329
1197,10. 19,페퍼저축은행,KGC인삼공사,페퍼스타디움,19:00,633
1198,10. 20,KB손해보험,현대캐피탈,의정부,19:00,189
1199,10. 20,한국도로공사,현대건설,김천실내,19:00,0
1200,10. 21,OK금융그룹,우리카드,안산상록수,19:00,136
1201,10. 21,IBK기업은행,흥국생명,화성종합실내,19:00,475
1202,10. 22,삼성화재,대한항공,대전충무,19:00,287
1203,10. 22,페퍼저축은행,GS칼텍스,페퍼스타디움,19:00,695
1204,10. 23,한국전력,KB손해보험,수원,14:00,273
1205,10. 23,KGC인삼공사,한국도로공사,대전충무,16:00,635
1206,10. 24,우리카드,현대캐피탈,서울장충,14:00,456
1207,10. 24,현대건설,흥국생명,수원,16:00,712
1208,10. 25,,,,,
1209,10. 26,OK금융그룹,KB손해보험,안산상록수,19:00,130
1210,10. 26,IBK기업은행,한국도로공사,화성종합실내,19:00,471
1211,10. 27,현대캐피탈,대한항공,천안유관순,19:00,319
1212,10. 27,GS칼텍스,현대건설,서울장충,19:00,750
1213,10. 28,우리카드,한국전력,서울장충,19:00,249
1214,10. 28,KGC인삼공사,흥국생명,대전충무,19:00,631
1215,10. 29,KB손해보험,삼성화재,의정부,19:00,130
1216,10. 29,한국도로공사,페퍼저축은행,김천실내,19:00,727
1217,10. 30,대한항공,OK금융그룹,인천계양,14:00,339
1218,10. 30,GS칼텍스,IBK기업은행,서울장충,16:00,815
1219,10. 31,한국전력,현대캐피탈,수원,14:00,594
1220,10. 31,KGC인삼공사,현대건설,대전충무,16:00,641
1221,11. 01,,,,,
1222,11. 02,삼성화재,우리카드,대전충무,19:00,400
1223,11. 02,페퍼저축은행,흥국생명,페퍼스타디움,19:00,"1,409"
1224,11. 03,KB손해보험,대한항공,의정부,19:00,352
1225,11. 03,한국도로공사,GS칼텍스,김천실내,19:00,798
1226,11. 04,한국전력,OK금융그룹,수원,19:00,373
1227,11. 04,IBK기업은행,KGC인삼공사,화성종합실내,19:00,"1,440"
1228,11. 05,현대캐피탈,삼성화재,천안유관순,19:00,728
1229,11. 05,현대건설,페퍼저축은행,수원,19:00,"1,134"
1230,11. 06,KB손해보험,우리카드,의정부,14:00,594
1231,11. 06,한국도로공사,흥국생명,김천실내,16:00,"1,509"
1232,11. 07,대한항공,한국전력,인천계양,14:00,865
1233,11. 07,KGC인삼공사,GS칼텍스,대전충무,16:00,"1,555"
1234,11. 08,,,,,
1235,11. 09,OK금융그룹,삼성화재,안산상록수,19:00,342
1236,11. 09,IBK기업은행,페퍼저축은행,화성종합실내,19:00,"1,335"
1237,11. 10,대한항공,현대캐피탈,인천계양,19:00,626
1238,11. 10,GS칼텍스,현대건설,서울장충,19:00,"1,694"
1239,11. 11,KB손해보험,우리카드,의정부,19:00,359
1240,11. 11,한국도로공사,흥국생명,김천실내,19:00,750
1241,11. 12,OK금융그룹,한국전력,안산상록수,19:00,455
1242,11. 12,KGC인삼공사,IBK기업은행,대전충무,19:00,"1,549"
1243,11. 13,삼성화재,현대캐피탈,대전충무,14:00,972
1244,11. 13,페퍼저축은행,현대건설,페퍼스타디움,16:00,"2,422"
1245,11. 14,우리카드,대한항공,서울장충,14:00,993
1246,11. 14,흥국생명,GS칼텍스,인천삼산월드,16:00,"2,610"
1247,11. 15,,,,,
1248,11. 16,삼성화재,OK금융그룹,대전충무,19:00,462
1249,11. 16,페퍼저축은행,IBK기업은행,페퍼스타디움,19:00,"2,138"
1250,11. 17,현대캐피탈,KB손해보험,천안유관순,19:00,659
1251,11. 17,현대건설,한국도로공사,수원,19:00,"1,369"
1252,11. 18,한국전력,우리카드,수원,19:00,429
1253,11. 18,흥국생명,KGC인삼공사,인천삼산월드,19:00,"1,424"
1254,11. 19,대한항공,삼성화재,인천계양,19:00,623
1255,11. 19,GS칼텍스,페퍼저축은행,서울장충,19:00,"1,656"
1256,11. 20,OK금융그룹,현대캐피탈,안산상록수,14:00,838
1257,11. 20,IBK기업은행,현대건설,화성종합실내,16:00,"1,657"
1258,11. 21,KB손해보험,한국전력,의정부,14:00,"1,027"
1259,11. 21,한국도로공사,KGC인삼공사,김천실내,16:00,"2,054"
1260,11. 22,,,,,
1261,11. 23,우리카드,OK금융그룹,서울장충,19:00,710
1262,11. 23,흥국생명,IBK기업은행,인천삼산월드,19:00,"1,771"
1263,11. 24,대한항공,KB손해보험,인천계양,19:00,591
1264,11. 24,GS칼텍스,한국도로공사,서울장충,19:00,"1,655"
1265,11. 25,한국전력,삼성화재,수원,19:00,462
1266,11. 25,KGC인삼공사,페퍼저축은행,대전충무,19:00,"1,353"
1267,11. 26,현대캐피탈,우리카드,천안유관순,19:00,875
1268,11. 26,현대건설,흥국생명,수원,19:00,"1,227"
1269,11. 27,OK금융그룹,대한항공,안산상록수,14:00,726
1270,11. 27,IBK기업은행,GS칼텍스,화성종합실내,16:00,"1,556"
1271,11. 28,KB손해보험,삼성화재,의정부,14:00,"1,027"
1272,11. 28,한국도로공사,페퍼저축은행,김천실내,16:00,"1,497"
1273,11. 29,,,,,
1274,11. 30,한국전력,대한항공,수원,19:00,507
1275,11. 30,GS칼텍스,KGC인삼공사,서울장충,19:00,"1,712"
1276,12. 01,우리카드,삼성화재,서울장충,19:00,621
1277,12. 01,흥국생명,페퍼저축은행,인천삼산월드,19:00,814
1278,12. 02,KB손해보험,OK금융그룹,의정부,19:00,528
1279,12. 02,한국도로공사,IBK기업은행,김천실내,19:00,"1,301"
1280,12. 03,현대캐피탈,한국전력,천안유관순,19:00,"1,008"
1281,12. 03,현대건설,KGC인삼공사,수원,19:00,"1,728"
1282,12. 04,대한항공,우리카드,인천계양,14:00,726
1283,12. 04,GS칼텍스,흥국생명,서울장충,16:00,"1,688"
1284,12. 05,OK금융그룹,삼성화재,안산상록수,16:00,603
1285,12. 05,IBK기업은행,페퍼저축은행,화성종합실내,13:43,"1,576"
1286,12. 06,,,,,
1287,12. 07,KB손해보험,현대캐피탈,의정부,19:00,598
1288,12. 07,한국도로공사,현대건설,김천실내,19:00,"1,266"
1289,12. 08,삼성화재,대한항공,대전충무,19:00,452
1290,12. 08,페퍼저축은행,GS칼텍스,페퍼스타디움,19:00,"1,600"
1291,12. 09,한국전력,OK금융그룹,수원,19:00,449
1292,12. 09,KGC인삼공사,IBK기업은행,대전충무,19:00,"1,513"
1293,12. 10,우리카드,KB손해보험,서울장충,19:00,576
1294,12. 10,흥국생명,한국도로공사,인천삼산월드,19:00,990
1295,12. 11,현대캐피탈,대한항공,천안유관순,14:00,"1,359"
1296,12. 11,현대건설,GS칼텍스,수원,16:00,"1,786"
1297,12. 12,삼성화재,한국전력,대전충무,14:00,752
1298,12. 12,페퍼저축은행,KGC인삼공사,페퍼스타디움,16:00,"1,681"
1299,12. 13,,,,,
1300,12. 14,우리카드,현대캐피탈,서울장충,19:00,796
1301,12. 14,흥국생명,현대건설,인천삼산월드,19:00,"1,028"
1302,12. 15,대한항공,OK금융그룹,인천계양,19:00,576
1303,12. 15,GS칼텍스,IBK기업은행,서울장충,19:00,"1,711"
1304,12. 16,삼성화재,KB손해보험,대전충무,19:00,398
1305,12. 16,페퍼저축은행,한국도로공사,페퍼스타디움,19:00,962
1306,12. 17,한국전력,현대캐피탈,수원,19:00,717
1307,12. 17,KGC인삼공사,현대건설,대전충무,19:00,"1,755"
1308,12. 18,OK금융그룹,우리카드,안산상록수,14:00,577
1309,12. 18,IBK기업은행,흥국생명,화성종합실내,16:00,"1,576"
1310,12. 19,KB손해보험,대한항공,의정부,14:00,"1,038"
1311,12. 19,한국도로공사,GS칼텍스,김천실내,16:00,"2,419"
1312,12. 20,,,,,
1313,12. 21,우리카드,한국전력,서울장충,19:00,721
1314,12. 21,흥국생명,KGC인삼공사,인천삼산월드,19:00,"1,037"
1315,12. 22,현대캐피탈,삼성화재,천안유관순,19:00,631
1316,12. 22,현대건설,페퍼저축은행,수원,19:00,983
1317,12. 23,KB손해보험,OK금융그룹,의정부,19:00,539
1318,12. 23,IBK기업은행,한국도로공사,화성종합실내,19:00,"1,426"
1319,12. 24,대한항공,한국전력,인천계양,19:00,946
1320,12. 24,KGC인삼공사,GS칼텍스,대전충무,19:00,"1,476"
1321,12. 25,삼성화재,우리카드,대전충무,14:00,"1,091"
1322,12. 25,페퍼저축은행,흥국생명,페퍼스타디움,16:00,"2,346"
1323,12. 26,현대캐피탈,OK금융그룹,천안유관순,14:00,"1,669"
1324,12. 26,현대건설,IBK기업은행,수원,16:00,"1,785"
1325,12. 27,,,,,
1326,12. 28,한국전력,KB손해보험,수원,19:00,594
1327,12. 28,KGC인삼공사,한국도로공사,대전충무,19:00,"1,398"
1328,12. 29,우리카드,삼성화재,서울장충,19:00,662
1329,12. 29,흥국생명,페퍼저축은행,인천삼산월드,19:00,965
1330,12. 30,대한항공,현대캐피탈,인천계양,19:00,972
1331,12. 30,현대건설,GS칼텍스,수원,19:00,"1,705"
1332,12. 31,KB손해보험,OK금융그룹,의정부,19:00,738
1333,12. 31,한국도로공사,IBK기업은행,김천실내,19:00,"2,998"
